name,code,time,date,deep,width,height,region,distance,position
sky,XA1-B28,12:00:31,21-12-2003,16.02,13.45,100,US,17,"-11.60810,44.65102"
dark,XA1-B22,4:20:00,20-03-2025,13.01,18.92,24.5,ITALY,20,"-41.4128,-66.77731"
scotpius,DB1-A05,6:20:18,20-04-2025,14.05,18.92,27.6,VIETNAM,17,"-10.48121,44.44150"
flare,XA2-C33,15:45:10,10-07-2018,18.3,14.5,90,CANADA,22,"-12.50430,40.12345"
twilight,XB3-D44,23:10:05,05-11-2012,12.9,19.8,50,FRANCE,19,"-33.21045,55.98765"
nebula,DB2-A09,1:50:25,30-08-2023,16.75,12.4,110,GERMANY,21,"-22.54321,48.76543"
dusk,XA5-E55,19:35:42,15-09-2015,14.5,17.2,80,AUSTRALIA,25,"-15.67890,38.54321"
cosmos,DC7-Z99,7:25:33,22-06-2019,11.6,16.8,75,BRAZIL,18,"-19.87654,47.23456"
nova,XC1-T22,13:05:50,17-01-2021,15.8,13.25,95,SPAIN,20,"-28.65432,45.67891"